,review,stars
0,"Keren bgt helpfull apalgi mba bli puspa , gusti, dekwah, Keep yp right the good work Bagi yg ke ubud wajib bgt stay di adiwana suweta Pokoknya the best bgt Bersih breakfast nya mantab enak bgt Go come here",5
1,"Kamar nya nyaman,lingkungan sejuk baik utk healing  Baik untuk bersama sama keluarga bila mana ingin jalan jalan, mencari insipirasi yg lebih baik lagi Akhir nya mebgerti bahwa anugrah Tuhan luar biasa",5
2,Sangat di rekomendasikan bagi yang mau liburan dengan pasangan posisi ngga jauh dari pusat kota ubud. Hotel yang nyaman dengan harga yg affordable. Jauh dari keramaian pusat kota ubud. Next time kembali lagi.,5
3,"Tempatnya nyaman, swimming pool nya bersih, makannya enak. Staff nya ramah, pokoknya nyaman. Semua adiwana nyaman juga. Pengalaman stay yang memuaskan deh. Semoga next bisa stay di adiwana lagi. Thanks",5
4,"Stay di Adiwana Suweta. Nice hotel n friendly service. Terima kasih atas service nya selama kami menginap dihotel ini.ğŸ‘ğŸ‘ğŸ‘ . Mudah2an suatu waktu saya bisa kembali ketempat ini, bersama keluargağŸ‘ğŸ‘ğŸ‘ğŸ™",5
5,"Pelayanannya sangat baik dan ramah, untuk hotelnya sendiri sangat asri, bagus, dan nyaman. Suasananya tenang dan sangat cocok untuk berlibur di bali. Untuk respsionisnya mbak dwina juga sangat ramah. Recommended 10/10! ",5
6,"è¿™ä¸ªé…’åº—æŒºå¥½çš„è€Œä¸”è¿˜æ˜¯æ˜¯ä¸ªæ–°çš„é…’åº—ï¼Œç‰¹åˆ«å¹²å‡€ï¼Œæ—©é¤éå¸¸ä¸°å¯Œ very nice hotel at all, lain kali kalau ke ubud pasti balik lagi kesini udh bersih bagus dan suasana ubud nya berasa bgt thanks to adiwana suweta mungkin yg perlu ditingkatkan satu hal karena di pegunungan ada sedikit binatang"" kecil seperti lalat mungkin alangkah bagusnya jikalau room nya di cek dahulu untuk memastikan tidak ada lalat nya ",5
7,"sangat nyaman untuk kumpul bareng keluarga, untuk halamannya luas dan cocok untuk tempat bermain anak-anak, dan untuk makanannya pun overall good. hotel ini masih baru tapi untuk segi pelayanan dan fasilitasnya sangat bagus dan nyaman.",5
8,"Kamar tidur luas, bersih, nyaman. Kamar mandi lengkap ada bathtub, shower, luas, bersih.  Breakfast komplit, jus, tea, buah, coffee, bread, maim course, dll. Servive bagus, ramah, helpful. Over all puas. Note: Hindari jalan pasar untuk menu hotel.",5
9,"Servis memuaskan, makanannya enak, tempat nya bagus dan seluruh stafnya sangat ramah terimakasih untuk staff yang membantu hari ini (jodi,Octa,Dek wah,Dwina,Ambara  Dan untuk breakfast nya sangat enak,dan memuaskan.",5
10,"Nyaman, bersih, pelayanannya ramah, makananya enak, rekomen tempat di Ubud karena dekat ke kota,, sangat cocok untuk balik lagi kalau liburan ke bali, breakfastnya tidak ada maximal jam, parkirannya luas",5
11,"Hotelnya enak, nyaman. Betah banget seharian di kamar. Makanannya juga enak semua, porsinya bikin kenyaaaang. Rekomen banget nginep di sini kalo lagi di ubud. Pelayanannya juga ramah banget. Top pokonya. ",5
12,Hotel nya sangat bagus mulai dari kamar nya fasilitas kamar mandi balkonnya yang pemandangan dan megah kolamnya bagus dari luar saja sudah bagus hingga ke makanan nya makanan nya sangat berkualitas enak,5
13,"hotel yang sangat baik dan fasilitas sangat lengkap, dengan design yang menarik dan kenyamanan yang tinggi serta sabun yang harum dan pegawai yang sangat ramah, sangat puas bisa bermalam disini, terimakasih",5
14,"Pelayanan dan kualitas kamar, welcome drink , superb breakfast Dan Ada sajian buah ldan cookies lokal ...pengen nginep lg di Adiwana Suweta..,..nanti nginap pastinya lebih lama disini...karena blum nyobak sepedaan",5
15,Kita memilih Adiwana Suweta sebagai tempat staycation and family gatheting.Tempat nyaman dan staff sangat friendly. Breakfast menunya lengkap dan varian rasa sesuai selera. Tempat yang recomended untuk refreshing.,5
16,"Bagus, nyaman, pelayanan ramah, cepat tanggat terjadap request, makanan enak,,membuat liburan bersama keluarga sungguh berkesana..pkknya sangat rekomendasi utk menginap di sini jika berlibur ke daerah ubud",5
17,Tempat yang mempunyai karyawan / pekerja yang ramah .. good service .. wajib di coba   ada gusti dan komang yang melayani saya selama  dua malam saya tinggal di adiwana suweta ini  dan kawan kawan pekerja yang lain nya. Terimkasih,5
18,"Sudah 2x saya menginap di sini . Selalu berkesan , Para Staff yang ramah  Breakfast yang lezat dan komplit . Kamar yang sangat nyaman,suasana yang begitu tenang,kolam renang yang indah  Saya pasti kembali lagi ke sini  Pertahankan dan tingkatkan",5
19,"Hotel menyenangkan, staff ramah. Rahwik , Bram membantu sekali terutama saat checkout. Ultimate breaky di breakfast enak, drinks juga enak. Kamar oke, view outdoor juga enak, dengan pemandangan Ubud yang menyenangkan.",5
20,"Tempat sangat nyaman, seluruh staff sangat baik dan kami sangat puas dengan pelayanannya. Untuk makanan sangat enak, ruangan makan juga nyaman untuk kami menikmati liburan selama di bali. Terimakasih untuk pelayanannya ğŸ™ Untuk kak sudi, kak jodi, kak listia terimakasih banyak untuk pelayanan terbaiknya.",5
21,"Penginapan di lokasi strategis, dekat Ubud Art Market,tempat wisata lainnya. Penginapan dengan fasilitas yang bersih,bagus. Kolam renang yang bersih dan unik.  Makanan yang lezat. Pelayanan yang sangat memuaskan. Para staf yang ramah2 dan cekatan.  ~all of staff very kindly~",5
22,"Rahwiktikagusti good hotel, good service, good food..... excelent all, next pasti balik ke sini lagi. suasana alamnya benar benar asri dan cocok untuk refreshment. yang mau cari hotel di ubud sangat reccomended",5
23,"Pelayanan dan fasilitas yang tersedia sangat memuaskan. Fasilitas bersih, terawat. Pelayanan para staff sangat baik dan membantu, sangat menambah kenyamanan.  Sangat recommended untuk dikunjungi kembali",5
24,"Saya bertemu dengan rahwi, lita, gusti. Experience yang menarik, kamar nyaman, membuat pengen tidur terus. Kamar bersih, terang, AC dingin, dibersihkan setiap hari. Service dan hospitality nya sih excellent banget.  Dan semua request kita di akomodir melalui whatssapp service dari front desk mereka. Atau butuh apapun tinggal pencet nol di telepon kamar. Cari mobil, motor, rekomendasi tmpt makan. Kalau ada yg bilang tim perhotelan di bali ramah ramah, disini sangat ramah (10 out of 10). Setiap ketemu staff front desk, mereka tau nama kita dan tau kesulitan kita. Very attentive. Swimming pool is nice, seperti berenang di tengah hutan, walaupun swimming poolnya tidak terlalu besar. The best hospitality service yang pernah saya rasakan. Will surely come back.",4
25,"Servicenya oke bangettt, bersih, pilihan breakfast banyak. Pas dtg bener2 disambut. Tp banana smooties bisa diperbaiki lagiii. Ada spa. Harga sesuai dengan pelayanan dan fasilitas yang ada. Mungkin next bisa ada gym",5
26,"pelayanan sangat baik dan staff sangat ramah dan helpfull, fast respon, kamar dan kamar mandi sangat bersih, tertata rapi, recomended, makanan enak, mantap sekaliii, so homyy, recomended sekaliiğŸ¥°ğŸ¥°ğŸ’™",5
27,"Sudi,lita,jodi staf, pelayanan cepat tanggap ramah. Lingkungan asri, kolam renang, breakfast porsi banyak, interior design  kamar dengan lukisan membuatnya unik dan berseni. Uniknya lagi disini itu bahkan dijual lukisan dari seniman-seniman Bali yang digantung didinding-dinding hotel.",5
28,"Happy banget stay di sini, kamarnya luas, nyaman, bersih.. staff ramah bangetttt.. tiap kita dateng mereka sambut kita di parkiran mobil.. cuma sayang untuk resto dan breakfastnya menurut kita kurang menarik atau mungkin gk sesuai selera dengan lidah kita.. but overall untuk service dan hotelnya 110/100.. betah bangett.. thanks adiwana ğŸ’¯",4
29,"Hotel ini sangat bagus dan bersih. Pemandangan d balkon hotel sangat bagus. Service disini juga sangat bagus dan ramah. Bahkan saat keluarga saya ada yang kurang enak badan, staf hotel dengan sangat inisiatif memberikan teh hangat. Recomended hotel dan staff nya, terutama Mbo Gusti, Mbo Diah, Bli Dikaâ˜ºï¸ Akan kembali kesini jika ada kesempatan.",5
30,"Tempat nyaman banget, bersihh banget, pelayanan juara ğŸ‘ğŸ»ğŸ‘ğŸ» Staffnya sangat friendly, worth it dgn harga segitu. breakfast juga enakk, kolam renang bersih dan luas dengan view pohon2 yg bikin adem.. fix nginep sini lagi kalo lagi main k ubud ğŸ˜ğŸ‘ğŸ»",5
31,"Super nyaman bangettttt makanan ny enak2 pelayanan ny sangat ramah bagus buat liburan bersama pasangan dan temen2 ğŸ¥°ğŸ¥°ğŸ¥°ğŸ¥°ğŸ¥°ğŸ¥°ğŸ¥° tempatnya bersih,fasilitasnya lengkap, sangat rekomend buat kalian yg mau nginapndaerah ubud ğŸ¥°",5
32,"Senang sekali bisa menginap di Adiwana Suweta. Kami memutuskan untuk staycation di ubud dan memilih Adiwana Suweta. Pelayanan stafnya sangat bagus. saat booking sudah di aprov , kami diberikan link untuk input data diri sehingga  memudahkan kami saat cek in. Kamar sangat bersih dan nyaman. terdapat bathup lengkap dengan bathfoam. tirai di dekatnya bisa kita naikan sehingga kita besi berendam sambil nonton TV dan menikmati pemandangan di luar.  design kamar yang sangat indah, breakfast yang enak dan free untuk anak dibawah 5tahun. bisa request jika kita ingin makan di balkon kamar.",5
33,"Hotel yg bersih indah dan sangat menyenangkan untuk tinggal sendiri ataupun dengan keluarga. Design kamarnya sangat bagus. Staff yg sangat ramah dan hangat dalam memberikan layanan. Memesan sarapan lebih awal dari jadwal jg bisa. Lokasi yg pas utk kemana saja, kurang dari 5 menit ke pusat  kota. lovely stay. Thank u Adiwana Suewta and team.",5
34,"Kami mendapatkan hadiah voucher dari teman2.. Sudah invlude room for 1 night, spa untuk 2 org, dinner untuk 2 org dan breakfast. Kamarnya OK, luas, bersih Fasilitas OK pelayanan ramah.  Terimakasih untuk para staf.  ğŸ˜ğŸ˜ğŸ˜",5
35,"Wahh seneng bangett bisa menginap di hotel ini ğŸ™‚ğŸ˜Gak salah aku milih tempat ini untuk staycation,mulai dari fasilitasnya dan semua staff nya friendly bangett,apalagi pelayanannya sangat bagus bangett,next time kalo ke Ubud bisa staycation disini lagi..",5
36,Sangat2 nyaman  Kamar sangat bersih  Kolam renang bersih Makanan enak Response operator sangat cepat  Pelayanannya juaraa Semoga semakin baik ke depannya  Sepertinya saya akan jadi pelanggan tetap kalo ke ubud,5
37,"menginap di adiwana suweta adalah salah satu pengalaman terbaik, suasana hotel sangat nyaman dengan pemandangan yang indah menghadap ke pool, setiap pagi selalu disambut dengan indahnya matahari terbit sambil menikmati sarapan di kolam renang staf yang sangat ramah dan selalu memberikan pelayanan terbaikğŸ¥°ğŸ¥°â¤ï¸â¤ï¸",5
38,"Adiwana Suweta adalah hotel baru yang bikin nyaman banget nginep di hotel ini, viewnya juga luar biasa dengan garden yang indah, very quite dan juga kolam renang dengan view yang indah langsung menghadap ke jungle view. breakfastnya juga enak dan pelayanannya sangat cepat dan sangat ramahğŸ¥°ğŸ¥°",5
39,"Sangat puas tinggal di Hotel Adiwana Soeweta. Kamar luas, bersih, kualitas product sabun dll bagus. Lokasi strategis dan akses dari parkir ke kmr sgt mudah.  Breakfast memuaskan. Semua staff front desk, housekeeping ramah dan sgt membantu terutama dgn Bpk. Arie Pasti akan kembali menginap lg disini",5
40,"Hotelnya bagus, bersih, harganya affordable. Saya liburan bersama keluarga dan tempat ini sangat cocok untuk liburan keluarga. Suasananya juga tenang, pemandangan bagus dan kolam renangnya cukup besar. Pelayanannya luar biasa. Semua staff sangat ramah dan sangat membantu. Dipertahankan ya",5
41,"Sangat bagus pelayanannya, kamar bersih dan pemandangan yg asri..udaranya segar dan jauh dari polusi udara..Service yang sangat memuaskan.. dapat foto gratis dari hotel untuk setiap kamar yang cek in sebagai kenang kenangan ..",5
42,"Stay disini pada saat nyepi sgt menyenangkan, fasilitas yang sangat baik dan kamar yang sangat bagus untuk hotel di ubud  Kamar dan makanan sangat baik kualitasnya  Service juga sangat oke  Sangat reccomended dan pasti mau untuk balik lagi",5
43,bagus sekaliii pelayananya dengan bli ari dan mbo  sudi bli agus dan mbo tika bagus sekaliiiiii top deh  dapet freee foto seasons good deh pokoknya  hotel baru tapi good quality bgt bgt bgtbgtbgtbgt bintang 5 deh dari saya,5
44,"Sy menginap di hotel ini selama 3 hari 2 malam dan tidak kecewa sama sekali. Terima kasih bli Ari, Agus, Sudi, Tika, dewa. Pelayanan inisiatif ğŸ‘ğŸ‘ğŸ‘ aktif. Kamar bersih dan sangat nyaman. Pemandangan ğŸ‘ğŸ‘ğŸ‘ğŸ‘",5
45,"Worth itğŸ¤©ğŸ¤© pelayanan memuaskan, sarapan nya enak, staff nya ramah... wajib dikunjungi kalo berlibur ke bali ğŸ‘ daerah ubud, tempatnya asri tidak trlalu ramai lalu lalang, aman meskipun pandemi , jgn lupa ttp prokes",5
46,"Hotelnya nyaman, masih tergolong hotel baru. dengan kolam renang infinity yang view nya langsung ke jungle.  Untuk makanan, sangat recommended Japanese Dish mereka sangat enak mulai dari Ramen, Gyoza, Okonomiyaki, dll.",5
47,"Selalu betah stay disini..  ini kunjungan kedua setelah bulan desember kemarin kesini. enak buat meditasi!  Kamarnya luas, kasurnya nyaman, service & staff hotelnya Luarr biasa.. dan banyak compliments! Pilihan pertama kalo berkunjung ke daerah ubud",5
48,"nginep pas ulang tahun pernikahan ternyata dapet hotel yg pas sekalii.. mulai dari penyambutan yg ramah dari seluruh staff hotel lalu ada semacam seremonial pemasangan gelang sebagai bagian dari adat dan kebudayaan di bali lalu sajian welcome drink yg niqmat sekalii rasanya, tdk cuma dihidangkan pada saat check in, saat kami check out pun disajikan kembali minuman tersebut yg rasanya memang luar bisa enak.. matur tampiasih.  untuk kesan masuk kamar sendiri itu langsung terkesan di hati bahwa kamarnya sangatlah nyaman, luas, mewah dan bersih sekaliii dgn view yg bagus khas ubud ğŸ‘ğŸ»ğŸ‘ğŸ» ditambah kejutan kecil berupa kue dan ucapan di hari jadi kami membuat nginep makin special ğŸ‘ğŸ»ğŸ‘ğŸ»  pokoknya sangat merekomendasikan bagi yg mau menginap di daerah ubud, adiwana lahhâ€¦",5
49,"Hotel baru di ubud, vasilitas bagus, pelayanan oke, fast respon, semua pegawai ramah, ada additional photo session, bersih, good ambience, dekat dengan ubud. Bisa sunrise view dr kamar. Pokoknya puas menginap disini. Thanks",5
50,"Pengalaman yang sangat mengesankan menginap di resort ini. Semua aspek sangat patut untuk diapresiasi baik dari kualitas pelayanan, akomodasi, lokasi, dll Absolutely will be back to stay in this magnificent property",5
51,"Pelayanan di adiwana suweta sangat memuaskan, semua orang disini (kak bram, dyah, agus dan jodi) sangat ramah dan sangat membantu dalam memenuhi kebutuhan kita. Tempatnya nyaman bgt menyatu dgn alam.. semuanya natural bgt hingga penggunaan toiletries.. konsep ramah lingkungannya juga terlihat.. Good luck buat adiwana suweta!  Thank you for servicesâ¤ï¸",5
52,"Mantapppp bangettt staycation disini. Recomended buat yg nyari suasana kultur bali yg superrr nyaman. Mulai dari pelayanannya yg oke, stafnya yg responsif, makanannya yg enak. Ahhh gangerti lg bagussss!   Thanks to Adiwana Suweta team yaappp - Bram - Dyah - Agus - Jodi",5
53,"Happy bgt menginap disini, Staffnya super ramah, Makanannya enak"", dan banyak bgt spot foto yg keren di areal villa. Villanya cozy bersih viewnya indah adem bkin betah. Suasananya homey.Pgn balik lgii",5
54,"Very comfortable overall, semua hal yang diharapkan untuk liburan ada disini, sangat profesional dan terstandarisasi, hanya beberapa menit dari pusat Ubud, pilihan yang tepat, definitely will come back.",5
55,"Hotelnya bersih, masih baru, villanya luas dan nyaman. Makanannya breakfastnya enak. Lokasi juga bagus. Service juga best dan ramah. Design hotel juga cantik. Pasti akan balik lagi jika ada ke ubud :)",5
56,"Pertama Saya menginap di sini semua sangat Indah Dan Teresa Nyman until facility's Kamarnya sangat memuaskan Dan staf disini sangat friendly Dan Saya Akan Kimbali Kesini Dan Saya Akan merekomendasikan teman Dan keluarga Saya thanks to FO staff Bli Bram,Dewa and Tika for the excellent service",5
57,"Semua perfect dari segi pelayanan, fasilitas, room serta breakfast nya. Di sambut hangat saat datang dan saat pulang. Diberikan welcome drink 2x. Semua pegwainya ramah. Akan kembali lagi kesiniâ˜º â­â­â­â­â­",5
58,"Hotel bagus dan nyaman,kamar bersih,pelayanan memuaskan dan ramah. Akan saya rekomendasikan ke rekan dan keluarga saya. Dan apabila ke bali lagi saya akan stay disini lagi. Semoga dalam waktu dekat bisa kembali kesini lagi. Thx",5
59,Kami tinggal 1 malam dengan keluarga semua staff dan service yang di berikan sangat bagus dan kami merasa stay nya menyenangkan... Mba gusti.Bram.Diah. Jodi. Dan Dewa Semua sangat ramah tamah Semoga kami bisa kembali tinggal lagi di suweta..,5
60,"Hotelnya wangiiii bersihhhh staffnya ramah2 bgt,sigap dalam menghandle tamu2nya... breakfastnya enaaakkk suasananya bikin relax bgt homy sampe ketiduran di balkon pas baru check in saking enaknya...amenitiesnya wangi rempah enak bgt.yg bikin susah move on itu kasur dan bantalnya super empuk bgt.juaralah pokoknya... hal yg sepele tp berguna bgt klo dihotel itu jemuran handuk di balkonnya,gak semua hotel ada,thanks buat mba diah, bli gusti dan semua staff yg udah melayani kita selama menginap kalian ter the best pokoknya....",5
61,"Suka banget stay disini, tempat nya nyaman. Recomended banget kalo ke Ubud Stay di Adiwana suweta. Cocok banget yg mau honeymoon dan ajak keluarga liburan, kamar nya bersih, luxury, dan breakfast nya enak banget, pokok nya kalo mau ke Bali, wajib stay di Adiwana suwetaâ™¥ï¸",5
62,"Staf disini ramah-ramah, pelayanan memuaskan masakan nya juga oke banget, deket sekali dari pasar seni ubud dan deket juga sama jogging track, kolam renang nya bersih dan bagus, mudah di akses dari mana saja  Puas banget",5
63,"Pelayanan sangat ramah, bintang 1000 bolehlah  Recomended pokoknya, next pasti balik lagi ğŸ‘ğŸ¼ Terbaik The best Best hotel Recomended puol Bersih Rapi Ramah Makanan enak Dekat dengan jalan raya  Akses mudah",5
64,"Saya tau hotel Adiwana Suweta dari tiket.com dan traveloka saat searching hotel area Ubud. Saya baca2 review tamu2 sangat bgs. Akhirnya saya ambil 2 malam stay di sana. Dan ternyata memang sangat bagus. Service sangat bagus, pelayan sangat sopan, kamar sangat luas dan bersih. Kebetulan saya dpt di lantai 1 keluar balkon lgs taman yang adri dan bs lgs ke kolam renang. Sungguh pengalaman yg luar biasa. Saya akan merekomendasikan kpd keluarga dan teman2 sy utk stay di sini jika mrk main ke Ubud. Keep up the good work. Sukses selalu buat Adiwana Suweta.",5
65,"Lokasi oke, villanya nyaman banget, bersih, pemandangannya bagus, makanannya enak, servicenya supeerrr sekali, recomended buat yg mau staycation di ubud. Para staff sangat ramah, thanks bli Agus, Ari dan mbak Tika for serving us greatly ğŸ‘ğŸ‘",5
66,"warm greetings and excellent service. Dari awal check in sampai check out proses nya cepat, sangat ramah dan kebersihan kamar dan area Hotel sesuai dengan standard dari adiwana grup. Selalu puas menginap di adiwana. Dan adiwana Suweta adalah salah satu resort terbaik di Ubud. Special thanks to FO staff. bli bram , gusti, ari, dan mba lita.. you guys made my day â¤ï¸â¤ï¸â¤ï¸â¤ï¸â¤ï¸",5
67,"Gokiiilllll. Mantap. Pelayanan istimewa, detail bgt melayani tamunya, hal2 kecil sangat diperhatikan. Kamarnya bersih, lengkap dan sangat nyaman. Pemandangan kamarnya juga bagus bgt. Hotelnya masih baru jadi dijamin semua fasilitasnya masih oke. Overall Great. 95/100.",5
68,"Kami keluarga dengan 3 anak remaja memesan vila 2 kamar dilengkapi private pool. Villanya besar dan bersih sekali. Kamar dan bed sangat nyaman. Kamar mandi sangat fantastis. Kami langsung disuguhkan welcome drink kunyit asam segar, snack dan wet hand towel untuk refreshment. Kami juga mendapat berbagai promo menarik seperti free photo session, diskon di resto & spa. Komunikasi dengan staf vis wa sangat baik dan responsif. Adiwana Suweta sangat nyaman dengan staf yang ramah dan hangat. Kami sangat merekomendasikan hotel ini dan pastinya akan menginap disini lebih lama jika ke Ubud lagi. Terima kasih Adiwana Suweta, semoga sukses selalu.",5
69,"Kamarnya sangat bagus untuk harga yang sangat amat affordable, pelayanannya sangat bagus, saya minta tolong buat kirim foto kamar sebelum masuk kamar, dan diturutin semua, pelayanannya sangat bagus, makanan juga ok but sarapan dan bahkan ada pilihan kalo misalnya kita ga bisa sarapan pagi. Semoga Adiwana bisa keep the good work.",5
70,"Tks kepada mbak Gusty Trisna Dyah n Bram. Tekasih kepada team Adiwarna Suweta yang telah memberikan pelayanan yang baik dan Ramah, lain kesempatan kami akan berkunjung kembali ke tempat ini. Buat teman-teman yang mau liburan Sangat kami rekomendasikan. Tks yah",5
71,"Hotel Sangat Bagus dan Bersih, Fasilitas pun lengkap, Bedroom sangat nyaman. Para staff yang saya temui (Bli Ari ,Mba Lita dan Mba Tika) sangat ramah dan friendly kepada para pengunjung. Hotel sangat cozy namun tak lupa tetap bernuansa bali.",5
72,"Villanya sangat bagus, pelayanannya sangat mantap, pegawainya sangat ramah, breakfast memuaskan. Semua staff cepat tanggap dan sangat membantu. Recommended villa untuk keluarga. Kami akan kembali lagi untuk menginap di villa ini",5
73,Sangat menyenangkan dan service sangat baik. Recommended stay in Ubud area..hotel villa yg baru selesai jd msh bersih .over all bagus buat liburan keluarga.ataupun untuk pasangan tempat nya nyaman dan tenang.,5
74,"service sangat baik, staff ramah- ramah, kitabada order breakfast jg dan makanan enak dan cantik bgt. hotel nya bersih, bagus, besar dan sangat nyaman tinggal d sini. cocok untuk liburan keluarga. reccomended banget!",5
75,"Kamar nyaman sekali terutama kasurnya, kamar mandi bersih dan sabun2 yang disediakan baunya enak sekali,  mpemandangan taman dr kamar telihat dengan baik dan asri. Kebetulan saya dapat kamar selantai dengan kolam renang sehingga aksesnya mudah. Kolam renangnya bagus dengan view alam, kondisi pandemi saat ini kolam renang serasa milik sendiri karena sepi. Karyawannya ramah ramah sekalii, tim receptionnya helpful dan menjelaskan dengan baik fasilitas hotel.  Rekomended stay disini",5
76,"Pengalaman menginap yang sangat menyenangkan dan tidak terlupakan. Hotelnya baru, bersih, nyaman, fasilitas oke. Kolam renang infinity cantik. Semua staff baik dan ramah. Welcoming guest dipakaikan gelang 3 warna oleh Bli Bram, lalu proses check in dan check out dan semua keperluan banyak dibantu oleh Mba Komang dan Mba Ayu. New Year's Eve Dinner di hotel dengan hiburan live music dan masakan yang super lezat ala Jepang. Dan tidak kalah menyenangkan amenitiesnya harum khas Bali yang bisa dibeli untuk kenang2an. Semua excellent dan ingin kembali kesini lagi next time. Sukses selalu untuk Adiwana Suweta ğŸ‘",5
77,"Kami menginap di Adiwana Suweta di villa Melati (2BR). Villa yang bersih dan bagus, bangunan yang baru. Staf yang sangat ramah dan sangat cepat tanggap. Begitu saya hubungi untuk room services, mereka sangat cepat tanggap. Two thumbs up for them. ğŸ‘ğŸ‘  menu bf nya juga enak.. ğŸ‘ Hope we can stay there for next holidayâ€¦ thanks staf Adiwana Suweta.. â˜ºï¸",5
78,"Sangat menyenangkan menginap di Adiwana Suweta , pasti kembali menginap di sini  dan membawa keluarga besar &  teman. Menginap 2 hari terasa kurang ,sangat betah.Kamar yang luar biasa bagus,kamar mandi luas ,kolam renang yang sangat bagus. Terima Kasih Staff yang sangat baik melayani saat Kami menginap di Adiwana Suweta ğŸ™ğŸ¼",5
79,Sangat memuaskanâ€¦.. dan hotel nya bagus sekali â€¦..servicenya jg sangat bagus â€¦â€¦sangat rekomen sekaliâ€¦â€¦ tidak sabar untuk datang kembaliâ€¦. Semoga sukses selalu adiwana suwetaâ€¦â€¦. Pasti akan balik lagiâ€¦.,5
80,"Hotel masih baru. Lokasi strategis, dekat dengan tempat makan dan cafe. Staffnya ramah dan helpful.  Kamar luas dan bersih. Rekomen untuk ditinggali dengan keluarga maupun teman. Will be back for another time.",5
81,"Hotel  bagus..kamar besar view ok Lokasi ga terlalu jauh dari central ubud Staf ramah dan sangat membantu Makanan enak cuma karena baru beberapa menu ada yg tidak tersedia.. Terimakasih bu dwi, ayu, kadek ari semoga bisa menginap disini lagi",5
82,"Pergi menginap bersama keluarga besar, Semuanya terlihat sempurna, anak anak benar benar happy, staff sangat membantu, ramah, menyambut tamu dengan hangat, lingkungan yg bersih, nyaman , sejuk, nanti liburan harus banget kesini lagi,, â€¦â€¦â€¦â€¦â€¦â€¦â€¦â€¦â€¦â€¦â€¦â€¦â€¦â€¦â€¦",5
83,"Interior baru semua, pemandangan dari villa luar biasa, pelayanan ramah, sangat membantu, fasilitas lengkap untuk keluarga, mau hangout kemana mana bersama keluarga dekat, harga nyaman di dompet hehe...",5
84,Tinggal semalam di sni sangat puas sih.. Service nya oke dan ramah.. Kamarnya bersih.. Cma sayang shower dan wastafelnya agak mampet.. Tp overall masih oke sih.. Tempat nya adem dan asri.. Asik untuk yang ingin menghindari perkotaan,5
85,"Hotelnya bagus, areanya juga sangat tenang dan bersih, pelatananya sangat bagus, semua karyawan sangat ramah dan senang membantu, mereka juga ada discount 50% untuk spa dan free foto professional by photographer, makananya enak enak, amenities dikamarnya juga bagus dan harum. Saya sangat suka welcome drinknya. Trimakasih",5
86,"Hotel dengan pelayanan yg luar biasa keren @ staff reception mba Ayu thank u untuk pelayanannya ramah banget.... Staff restaurant juga ramah2, housekeeping pelayanan cepat tanggap pasti akan kembali lagi dan lagi",5
87,"Pelayanan Yang sangat ramah, peduli serta sopan, pemandangan di luar kamar yang sangat bagus, makanan yang fresh dengan kualitas yang tinggi, tempat tidur yang nyaman, kamar Mandi yang lumayan besar serta bersih, banyak tempat untuk berfoto di dalam hotel.  Disamping makanan yang berkualitas tinggi disertai minuman yang menyegarkan, porsi yang diberikan kurang memuaskan rasa lapar. Tempqt parkir yang kurang luas hanya dpt menampung sekitar kurang lebih 10-20 mobil.",4
88,"Hotel terbaru di ubud, kamarnya sangat luas dan pelayanan yang diberikan juga sangat bagus dan semua staff nya sangat ramahh........... terimakasih mbak ayu dan team yang sudah membantu selama kami stay di adiwana suweta",5
89,"Ranjang, bantal & suasana kamar nyaman, menghadap TIMUR, dapat matahari pagi..kamar mandi bagus, bersih & bath tube nya enak. Makanan nya set menu dengan variasi terbatas, kualitas nya lumayan. Pelayanan bagus semua... terutama di resto pool, dgn ibu Sandya Ayu.. Mungkin ada beberapa catatan:  kamar saya 206.  1. suara gesekan kursi dr kamar 205 terdengar jelas, apalagi seperti di buat mainan, di gesek bolak balik. sangat menggangu, saat mau istirahat. 2. tirai black out nya, kurang sempurna saat ditutup, cukup membuat silau saat pagi krn menerobos di celah2 tirai. 3. kalau bisa, ada anti selip di bath tube. apalagi kalau ada sandaran kepala nya di ujung bath tube, perfect..!! 4. pintu harus dihentak baru tertutup sempurna. 5. makanan nya perlu di tingkatkan; JANGAN SET MENU...â€¦",5
90,Villa kamar yang bersih dan fasilitas nyaa oke dan orang orang ramah ramah .bakalan ke sini lagi  ruangan yang nyaman dan tepat asri dan brsih trus menyenangkan dan ada sunset nyaa sama 1 lagi parkiran luas,5
91,"Tempat menginap yang nyaman, bersih. Cocok menginap untuk keluarga. Tempatnya adem, makanan enak, kolam bersih. Pelayanan baik dan  ramah. Salah satu tempat meningap diubud yang rekomen ya. Untuk holiday cocok",5
92,Awalnya iseng iseng nyari hotel di daerah ubud yang nyaman n ketemu hotel ini dengan harga menurut saya cukup murah. Ternyata hotelnya melampaui ekspetasi saya. Bener bener harganya murah untuk fasilitas yang seperti ini. Semua staffnya sangat amat ramah. Bener bener hospilitynya TOP ğŸ‘ğŸ»ğŸ‘ğŸ»,5
93,"Baik dalam segala sesuatunya, pelayanan baik, trainee nya  sdh dapat menjalankan tugas dengan baik. Kebersihan baik. Nilai 90.  Beberapa petugas yang melayani kami Komang, Komang G., Wayan keren. Kalau kembali ke Bali, akan menginap lg di sini. Semangat buat para trainee",5
94,"Pelayanannya 100/100!!! Semua mbok dan bli superrrr bagus. Tempatnya mewah dan nyaman, semuanya menyenangkan dan menenangkan. Cocok buat healing bersama keluarga maupun teman ataupun untuk honeymoon. Mereka ada villa juga 1 bedroom dan 2 bedroom. Pengen tinggal terus rasanya â¤ï¸â¤ï¸â¤ï¸",5
95,"Puas banget nginep disini, semua nya perfect dari pelayanan, fasilitas hotel, staff nya ramah2 terutama mba Putu, kamarnya enak banget nyaman. Nagih pasti bakal balik kesini kalo next ke ubud lagi, sukses selaluâ¤ï¸",5
96,Hotel baru belum genap 1 tahun.. Staff ramah dan sigap.. Pemandangan bagus apa lagi pagi hari. Suasana tenang jauh dari kebisingan. Kolam renang bagus airnya ngga bikin kedinginan. (Saran ditambah area renang utk anak dibawah 6th) . Sarapan menu europa and japanese enaaaak dan fresh. Sukses selalu adiwana suweta,5
97,"Keren banget sih splash after rush kemarin di adiwana suweta, staf yg ramah, dann guest starnya juga keren keren, snacknya juga enak banget, waiting for next event deh pokoknya.. Semoga bisa kesana lagi",5
98,Luar biasa beyond expectations..  fasilitas superbbb. View luar biasa.. breakfast walo alacarte tp enakk.. sabunnya wuangiii.. sabun shampo body lotion melimpah.. poolnya juga bersih n kerennn.. kamar bersih dan luas..Kasur besar.. sangat memuaskan..buat keluarga pilihan terbaik di Ubud ğŸ‘ŒğŸ‘ŒğŸ‘ŒğŸ‘Œ dpt welcome drink dan welcome cake,5
99,"Hotel Bagus, pelayanan bagus, kamar bersih, pool nya bagus, makanannya bagus, cuaca bagus, View nya bagus, banyaknya fasilitas gratis, parkiran mobilnya luas, hotelnya masih baru, puas kita mau kembali lagi",5
100,"Kamarnya bersih, nyaman dan luas Kamar mandinya ada bathub yg guede dan cozy bangett Aku nginep b4 dengan 2 anak tempt tidurnya juga besar jadi walau tidur br4 gak sempit Dan pemandangan di balkon kereennn Pokoknya klau ke ubud lagi wajib banget nginep disini Staffnya ramaahhh bangett Kolam rennangnya besar dan gak dingin airnya",5
101,"Ketika check in & check out well handle, sangat nyaman juga stay disini mungkin bakal stay lagi disini di lain waktu. Untuk breakfastnya juga enak tastenya balance, recommended deh ğŸ‘ğŸ¼ dsini saya book room with garden view ada access yang sangat mempermudah utk menuju  ke public poolnya  5 â­ï¸ for adiwana suweta, all staff were giving the excellent service",5
102,"Sanggat bagus,pelayanan cepat,breakfast kolam renang yang sanggat luas dan jernih,room sanggat sejuk dan bersih luas sanggat enak,nyaman sunyi,semua staff ramah dan sopan,nanti akan kembali stay disini",5
103,"sangat memuaskan dan villa nya nyaman, pelayannya juga sangat ramah, sangat rekomen ada private poolnya juga jadi sikecil bisa berenang dekat dengan pengawasan orang tua, kamarnya juga sangat bersih dan lingkungan asri",5
104,"Mantap pelayananya, the best Rekomen sekali untuk berlibur di ubud Dekat dengan kota ubud Untuk makanan enak, nuansa jepang Suasane enak pedesaan tidak banyak nyamuk Welcome drinknya enak, istri saya suka sekali",5
105,"Pertama kali datang langsung terkesan dengan kamar yg bersih, nyaman, dan view yang indah di balkon. Setelah itu semua pegawai sangat ramah menyapa di setiap sudut. Activities membuat canang dan menari Bali (bersama Mbok Putu), dan berlatih rindik (bersama Bli Dea), sangatlah menyenangkan. Santap malam di Table Spoon Bistro yg 1 lokasi, lezat dan nikmat. Resepsionis yg ramah (Mbok Gusti, Mbok Ayu, dan butler Bli Wayan), selalu menawarkan welcome drink yang sangat segar.  Terima kasih, ingin kembali lagi pastinya ğŸ¥°",5
106,"Layanan sangat sangat baik. Kami sangat puas. Tetap pertahankan layanan entah nanti rame atau sedikit. Terimakasih telah memberikan liburan yang berkesanğŸ™ğŸ½. Walaupun sehari, tapi kami berniat mengajak sanak keluarga dan para sahabat untuk menginap di adiwana suweta hotelğŸ™ğŸ»",5
107,"Salah satu hotel terbaik di ubud. Pelayanan yang sangat baik, akses jalan mudah, best interior dan suasana hotel yang sangat nyaman. Adiwana Suweta memberikan pengalaman staycation yang sangat memorable. Amaze dengan staff2 yang sangat helpful. Thankyou for best experiance. Sukses selalu Adiwana SuwetağŸ‘ŒğŸ»",5
108,"Semua di Adiwana Suweta sangat mengesankan. Dr datang welcome drink sangat enak. Sarapan enak bgt, dikasih free sarapan kids dibawah 5 tahun. Body washnya enaaaakk super bgt ğŸ˜ pelayanan yg help full, hangat. Sangat menyenangkan!!",5
109,"Waktu kami berlibur di Ubud kami memilih Hotel Adiwana Suweta, lokasinya cukup strategis yaitu di Jalan Suweta. Hotel yg menurut kami sangat worth it, pelayanan yg super baik dan fasilatas yg baguus.. Kamarnya mewaah, fasilitas kolam renangnya juga kereen banget infinity pool gitu. Breakfastnya enak enaak dan so healthy, kita bisa pilih breakfast dimana, bisa dikamar, resto Tablespoonnya atau di Bar Poolnya, dan pelayanan dari petugas hotelnya pun sangat baik, thanks to Mba Sandya & Mba Astri to serve us very well.. Dan udah pasti kalo ke Ubud harus nginep disini ğŸ‘ğŸ»ğŸ‘ğŸ»ğŸ‘ğŸ»",5
110,Sangat baik dan memuaskan kamarnya bersih anak anak suka kamar mandi bersih dan wangi makanya enak sabun mandinya wangi rekomed buat keluarga harganya murah bintang 5 trimakasih sudah memberi pelayanan yang baik,5
111,2 malam di villa 2 kamar. Bagus bersih tempatnya masih baru. Anak-anak suka ada private pool. Ramah2 semua pegawai hotel. Dapet surprise juga bunga2 happy anniversary di kamar dan bathtub. Thank you adiwana suweta,5
112,"Impresi pertama yang begitu mengesankan adalah keramahan. Petugas hotel menjemput bhkan pasa saat baru turun dari mobil dan menjelaskan seluruh fasilitas hotel dengan baik. Proses check in juga dilakukan online. Pilihan fasilitas dan sarapan juga dilakukan online. Bahkan sarapan bisa diminta untuk diantar ke kamar   Kamar begitu luas, balkon menghadap kebun sungguh refreshing dgn melihat kehijauan. Kamar mandi juga luas dengan amenities yang lengkap dan wangi. Showernya juga mengesankan. Kolam renang juga luas.   Sarapannya enak dan diantar tepat waktu.  Sungguh sebuah pengalaman singkat yang rileks dan mengesankan.",5
113,The best semuanya  Dari tempat terutama pelayanannya Terima kasiih adiwana suweta  Sngat memuaskan  Makanannya pun enakâ€”enak  Dan bisa sepsial request trutama untuk makanan bayi bsa di sediakan   Sekali lagi terima kasih ğŸ™ğŸ»ğŸ™ğŸ»,5
114,"Pelayanan yg ramah, kamar bersih, harga wajar sdh mendapatkan fasitas bathtub, kolam bersih. Suatu saat ingin k sini lagi , dan jgn lupa u/ ajak keluarga dan team kerja.   Terakhir kata , saya sangat senang",5
115,"Pelayanannya goooddd! Tempatnya juga bagus banget, cocok buat nyantai ğŸ˜Š kita pesan yang ada balkonnya, ruangannya spacious, bersih . Overall suka ! Bakal balik lagi kesini buat next tripnya hihi. Thank you for the good quality and nice service!",5
116,"Hotel sangat bagus, Bersih sangat ramah sekali pelayanan room nya sangat bagus semuanya,.. Makanan nya sangat enak sekali dan suasana sangat mendukung untuk acara keluarga dan kantor lebih bagus sekali ........  Semuanya recomended........ Terima kasih mbo wayan sudah ramah kepada kami",5
117,"Ruang yang besar berikut balkon untuk sarapan dan leha-2, berpemandangan hijau menyegarkan kearah pinggiran anak sungai Campuhan, serta penataan halaman belakang yang baik memberi kesal lapang serta segar ditambah kolam renang dengan ukuran memadai untuk berenang. Staff yang ramah dan bersahabat. Sarapan bervariasi yang lezat serta berpenampilan super,ditambah layanannya yang cepat. Saya sangat ingin balik untuk tinggal lebih lama lagi dari 3 hari sebelumnya.",5
118,"Hotel yang bersih, nyaman, interiornya keren bgtt, pemandangan nya bagus, semuanya bikin kita betah staycation di adiwana suweta, pengen extend terus.. terutama pelayanan semua staff nya bagus bgtt dan ramah.. terimakasih Adiwana Suweta bkin liburan kita berkesan",5
119,"Pelayanan sangat ramah, kamar bagus dan bersih, view nya keren, breakfast enakk, kolam renang luas dan pemandangan kolamnya bagus dan keren, bathroom sangat bersih, prokesnya mantap, rekomended sekali",5
120,"Kamarnya nyaman, luas bersih untuk breakfast makanannya juga enak, tapi kurang ada sliced buah aja sih tapi overall all is good... Thank you buat seluruh staff yg super ramah n friendly banget,,, jdi serasa di rumah sendri  Sampai ketemu lgi di liburan berikutnya",5
121,Hotel yg baru buka di April 2021. Lokasi sekitar jauh dari keramaian sehingga menginap disini sangat nyaman. Kamar yg disediakan juga sangat luas dan nyaman. Sangat direkomendasikan untuk menginap disini selagi berada di kawasan Ubud.,5
122,"The best place buat nginep di daerah Ubud. Rating 10 untuk Adiwana Suweta ğŸ‘ğŸ»ğŸ‘ğŸ»| Semua staff very friendly, dari cekin sampe cek out sangat membantu. Fast respon. Buat mbak putu, mbak Ayu dan mas Bram all all staff yg udah ngasik best servicenya. Thank you so muchhhğŸ™ğŸ»ğŸ™ğŸ»  Adiwana Suweta ğŸŒŸğŸŒŸğŸŒŸğŸŒŸğŸŒŸ",5
123,"Stay 2 malam disini.. Hotelnya bersih, kamar luas, ranjangnya nyaman, ada bathtub, nice pool, nice view, sarapan enak. Dinner di tablespoon juga enak. No complains. Staffnya ramah semua, terutama Putu & Ayu. Will be back kalau ke Ubud lagi. Thanks untuk semua staff adiwana suweta!",5
124,"Menyenangkan bisa stay cation disini , pelayanan ramah banget dan cepat , hotelnya nyaman dan asri , makanan enak , dan paling penting protol tetap berjalan ğŸ¤©ğŸ¤©ğŸ¤©ğŸ¤©ğŸ¤© suka banget next bakalan balik lagi sih",5
125,"Fasilitas hotel sudah sangat baik. Terlebih untuk bathroom, dgn harga yg cukup terjangkau sudah dapat fasilitas lengkap, service jg ok bgt, dan pelayanannya cepat. untuk lokasi sangat strategis. tidak jauh dr pusat kota Ubud. Overall, semuanya memuaskan. Terimakasih!",5
126,"Puas se puas-puasnya stay di sini, sayang hanya 1 malam karena keterbatasan waktu, makanan enak, staff sangat ramah, view bener2 bikin healing banget, next trip ke bali pastinya bakalan nginep di sini lagi  Thank you so much Adiwana Suweta",5
127,"Terima kasih untuk adiwana suweta yang sudah mewujudkan setting kamar honeymoon untuk adik saya, sangat berkesan sekaliğŸ˜˜ really love it. Ternyata saya juga dapet surprise yg sama, sungguh senang sekali..Kami stay di Villa Melati 02BR with Private Pool dengan view yg cantik sekali, kamar besar, kamar mandi besar dengan 2  buah wastafel dan bathtub yang indah, anak saya juga sangat senang menginap disini.Villa nya bersih, makanan enak, terlebih lagi pelayanan yang diberikan sungguh luar biasa ğŸ‘ğŸ™semua petugas dari depan hingga belakang semua baik, ramah, sopan, dan sangat membantu sekali, pengalaman menginap yg tidak akan pernah sy lupakan, terus pertahankan pelayanannya yg sudah sangat baikğŸ˜˜harus coba jika ke Ubud menginap di Adiwana Suweta pasti ketagihan seperti saya ygâ€¦",5
128,"Kamar hotelnya bersih dan nyaman. Disertai juga dengan amenities amenities. Atmosfer, tata letak, dan arkitektur hotel juga bagus. Staff-staff sangat ramah, bersahabat, dan siap membantu. Recommended stay.",5
129,"Semuanya baik, bersih dan rapih. Hanya tdk disediakan hair dryer disetiap kamar sehingga harus request.  Pelayanan juga sangat ramah. Sabun mandi disediakan sangat lengkap. Kolam renang dengan infinity pool",5
130,"Hotel sangat baik dan nyaman. Pelayanan sangat baik, room service dan staf sangat baik terutama mba Putu yang melayani kami. Welcome drink juga diberikan dan sangat enak. Banyak promo yang saat ini diberikan",5
131,"Begitu indahnya ketika masuk kamar, ada dekorasi Honeymoon yang diberikan Adiwana Suweta, mulai dr tempat tidur nya, bathup nya dan ada strawberry cheese cake yang enak bangeeeet. Pelayanan nya sangat baik, ramah, inisiatif, sangat memuaskan â¤ Dari kamar nya yang sangat bersih, view nya yang bagus, infinity pool, kamar mandi luas, makanan makanan yang enak. Pokoknya recommended untuk kalian pasangan baru ataupun mau bareng keluarga ğŸ¥° Thank you once again Adiwana Suweta for all the suprises ğŸ¥³ğŸ™",5
132,"Kamarnya Rapi Bersih , Wcnya Keren bagus , peralatan mandi sangat lengkap , sabun , samphoo , body lotion enak semua dipakai , Makanannya juga Enak Mantap , Kolam Renangnya Keren , pemandangannya bagus , pelayanan staff Ramah dan cepat tanggap. Will come back again, for sure ğŸ‘",5
133,Untuk hotel ini sendiri dari pendapat saya sudah sangat baik dan pelayanan nya memuaskan & sangat rekomendasi untuk tamu yang ingin bersantai dari keramaian ğŸ‘ğŸ‘ğŸ‘ğŸ‘ğŸ‘ğŸ‘ğŸ‘ğŸ‘ğŸ‘ğŸ‘ğŸ‘ğŸ‘ğŸ‘ğŸ‘ğŸ‘ğŸ‘ğŸ‘ğŸ‘ğŸ‘ğŸ‘ğŸ‘ğŸ‘,5
134,"Sangat baik! Kita di kasih service yang amazing, keren dan ramah. Para staff siap melayani 24/7 dengan sigap. Pengen banget stay disini lagi astungkara semoga bisa.   Sukses terus ya semoga bisa kembali normal",5
135,"Sukaaa banget, pelayannya ramah dan baik. Tempatnya sejuk dan tenang. pelayanannya sangat sangat baik dan tempatnya nyaman. Dapat birthday pancake gratis jugaaaâ¤ï¸â¤ï¸  A great place to stay â¤ï¸â¤ï¸ Bakal repeat stay kalau ada waktu & money hahahahâ¤ï¸",5
136,"puas dengan fasilitas yg tersedia, breakfastnya juga enak. pekerjanya semuanya sangat humble dan fast response. tempatnya sangat tenang dan cocok untuk healing krna jauh dari keramaian sangat menyenangkan bisa berlibur di sini.",5
137,"Staffnya ramah banget, fasilitas the best, ramah buat anak anak dan keluarga, kamar bersih, toilet bersih, makanan enak, paling the best staffnya sih,, helpfully bangeett,, harga kamar juga terjangkau,, see u next trip ya,,",5
138,"Dapet rekomendasi dari kakak yg pernah staycation disini akhirnya memutuskan untuk stay selama 4 malam pelayanan super good, kamar yg nyaman. saat check in langsung di sambut dengan welcome drink jamu yang seger dan pelayanan super ramah dari mbok dan bli disana diantaranya yg saya ingat namanya mbok komang dan bella, the room is comfy, clean bathroom, thereâ€™s pool and the foods here is delicious! super recommended",5
139,"Jalan"" ke Ubud harus nginep disini deh! Pelayanannya ramah, makanannya enak juga. Setiap sudutnya instagramable. Cocok untuk hotel liburan bersama keluarga atau ramai"". Hampir semua staffnya ramah dan helpful, seperti dirumah sendiri pastinya nyaman dan betah stay disini. Next time bakal mampir lagi ke Adiwana Suweta. So good! ğŸ‘ğŸ¼",5
140,Tempat nya nyaman.. Pelayanan puas... Fasilitas lengkap.. Harga terjangkau.. Bila perlu sering sering adakan promo harga biar datang bersama keluarga lebih banyak lagi.. Karyawan karyawati ramah dan selalu siaga apapun kebutuhan kami selalu dengan cepat dilayani,5
141,"Hotel terbaru di ubud dan memiliki fasilitas dan pelayanan yang bagus dan menarik jikalau berlibur bersama keluarga,pasangan atau pun sahabat dan recommended buat orang"" yang baru pertama kali datang ke ubud dan fasilitas infinity poolnya juga luas,untuk kamar nya juga bersih dan pelayanan yang diberikan oleh staffny juga cepat dan kita bisa berkomunikasi lewat whatssapp jadi bisa memudahakan tamu jikalau butuh sesuatu. Terimakasih banyak mbak gusti, mbak ayu,mas gede,mbak bella,mbak Putu,mas nengah,mas jodi,mas dewa,mbak trisna dan yang lainnya sudah membantu kita selama stay di adiwana suweta",5
142,"Good place, comfort, clean, bathroom nya bagus, suasana tenang..kebetulan ambil yg twobed private pool, recommended pokoknya Suasana penginapan tenang Pelayanan oke, staf nya ramahh Next ke ubud kayaknya bakal nginep kesini lagi Thankâ€™s to gusti, ayu, gede",5
143,"Hotel Adiwana Suweta terletak 2km utara kota Ubud. Hotelnya sangat nyaman. Kamarnya, kamar mandi nyasuasananya, kolam renangnya, tamannya, semuanya nyaman. Staff nya di front office dan di resto tablespoon, Gusti, Nengah, Ayu, Dewa, dan semuanya sangat ramah, baik dan membantu. Mulai dari welcome drink nya segar sekali, breakfast nya yg enak2 dan kopi nya yg wangi. Kami ambil 4 kamar. Dan semua senang tinggal di adiwana suweta.  Kalo kata suamiku, ""sempurna tanpa cela"" Kalau ke ubud lagi, definitely balik lagi ke adiwana suweta. Terimakasih",5
144,"Terima Kasih, sesuai ekspektasi kolam berenang oke kamar oke staf ramah kamar bersih kalau kembali ke ubud nanti menginap disini lagi semoga semakin sukses kedepannya Terima kasih Salam sehat  Sukses Selalu",5
145,"Bagus banget kamarnya, makanan enak. Penginapanya bagus Dan bersih. Stay disana karena ngebarengin birthday suami. Untuk service dari karyawan Juga sangat memuaskan. Thank you so muchâ¤ï¸   Next Dateng lagi",5
146,"Hotelnya baru,staffnya ramah viewnya juga bagus termasuk poolnya luas.Sangat recomended untuk keluarga maupun liburan bersama pasangan di Ubud.next time pasti balik lagi ke Adiwana Suweta.Staffnya standby 24 jam jadi jika malam hari perlu tambahan minum mereka bisa bawakan ke kamar,ada kontak wa juga jadi lebih gampang buat komunikasi.",5
147,"Hotel Baru, sangat bersih, pelayanan oleh kak Trisna, Nengah, dan Putu sangat luar biasa !  Makanan enak, coffee tidak kalah dengan coffeeshop, breakfast bervariasi Lokasi dekat dengan central ubud ! Very recommended ğŸ‘ğŸ»",5
148,Saya memilih Adiwana Suweta karena hotelnya yang terlihat asri dan stylish. Saya dan teman menginap selama 3D2N di Villa Melati (two bedroom villa). Sangat nyaman dan staff sangat ramah. Bonus menu breakfast yang instagram-able!,5
149,"Pelayanan pegawai adiwana sangatlah ramah terhadam customers,fasilitas serta kenyamananya juga sangatlah baik. sangatlah memuaskan bagi saya pribadi untuk memilih adiwana suweta untuk tempat bermalam.",5
150,"So far the best villa with private pool yang pernah kita kunjungi dari segi harga, fasilitas, lokasi dan emuanya the best!   Seluruh staffnya super baik dan ramah (Mba Gusti, Mba Ayu, Mas Wayan, Mas Gede), setiap kita datang pasti disambut diajak ngobrol :)   Pasti akan baik lagi kesini ğŸ˜",5
151,"Hotelnya very cozy, cocok banget buat stay, staf hotel sangat ramah very recommended, kamar bersih, luas dan nyaman. Toilet kamar bersih dan lengkap. Breakfast bs diantar ke kamar dengan pilihan menu yg sdh disiapkan",5
152,"Kamar bagus, Sarapan Enak, kolam Renang bersih banget, harga Murah Kualitas Bintang 5, aksesibilitas sangat mudah, hotel yang masih baru banget, sales nya juga ramah, tks mbak anggi dan team ğŸ˜ğŸ˜ğŸ˜ğŸ˜ğŸ˜",5
153,"Pelayanan yang sangat perfect, fasilitas interior pool makanan semua saya dan suami suka.. akan kembali lagi membawa keluarga ke Adiwana Suweta, terimakasih atas pelayanannya.. Semoga tempat fitness segera terealisasi yaaah",5
154,Hotel nya sangat direkomendasikan untuk staycation ataupun untuk stay long time. Staff ramah dan service memuaskan. Fasilitas yang tersedia lumayan lengkap dan bisa diakses untuk dinikmati. Kolam renang dengan view alam. Sangat bagusğŸ”¥ğŸ”¥ğŸ”¥,5
155,"Merupakan resort dengan pelayanan, fasilitas, makanan, dan kenyamanan yang setara dengan hotel bintang lima. Walaupun resort ini baru dibuka 5 bulan yang lalu. Tetapi pelayanan dan keramahan dari staff sangat wajib di acungi jempolğŸ‘ğŸ‘",5
156,"Adiwana resort memiliki service yang begitu baik mulai dari staff yang sangat ramah hingga pelayanan kamar yang begitu baik,Segala kebutuhan tamu disanggupi dengan baik oleh staff. Anda wajib menjadikan Adiwana resort sebagai tempat healing staycation anda",5
157,"Service sangat memuaskan, hotelnya bersih & nyaman, semua staff sangat friendly terutama Ayu di FO sangat helpfull, interaksi degan tamu sangat bagus. Staff yg lain jg sangat ramah, Gusti, Bella, Nengah, Sandya . Food nya juga enak, sangat suka welcome drink nya betul2 real balinese drink. Semoga ada kesempatan untuk berlibur kesini lagi, & hotel ini sangat recommended utk ngajak teman atau keluarga.",5
158,"Nyaman banget sih, tidur nyenyak, makan nya enakkk, kemarin di kamar private pool, relaxing banget denger sounds of nature dari kamar, bangun tidur juga pemandangan nya langsung alam, ga ada nyamuk, estetik jugaa,  ada decorations for honeymoon juga, kirain cuma dikasur ternyata di bathup juga ada, ga expect sih, senengğŸ¥°ğŸ˜. Terus pegawai2 nya juga ramah Dan perhatian banget semua nya dari awal kontakan via WA Dan telpon ğŸ¥ºğŸ’• salah satunya: Ayu, Gusti, Anggi, Wayan,  Komang. Wajib cobaa",5
159,"Kami melaksanakan kegiatan praktikum bersama mahasiswa dan menginap di Adiwana Suweta sangat nyaman dan servicenya sangat baik, para staffnya juga sangat ramah dan memberikan bantuan dengan sepenuh hati selama menginap",5
160,"Great service! Kamar sangat nyaman, enak dilihat with a very good view dan selalu bersih, suasananya juga sangat pas untuk saya yang lagi ingin merasakan suasana ubud yang peacefull dan tenang. Super in love with this hotel! Pastinya akan balik lagi :)",5
161,Hotelnya nyaman banget trus kamarnya luas ğŸ¥°ğŸ¥° Dan yang paling yg paling bikin happy yaitu staffnya friendly banget Deket tempat tempat wisata juga   Saya mau kembali lagi memginap disini ğŸ˜Š terima kasih adiwana suweta,5
162,"Tempat terbaik untuk menginap, liburan, bersantai, bersenangÂ², SangatÂ² susah untuk meninggalkan tempat ini   Dan nikmatnya hidangan makanannya    C/I & C/O selalu di berikan Welcome Drink  Terbaik  Terimakasih",5
163,"Para pekerja ramah banget, super helpful semua. Worth the price banget. Pemandangan + service sangat bagus. Kolam renangnya oke, pemandangan bagus, kamar bersih juga dan luas. Bakalan balik kesini lagi ğŸ‘ğŸ»",5
164,"Kita ambil 1 bedroom villa, viewnya bagus, kamarnya besar, bfastnya enak dan unik temanya jepang fusion food, hotelnya masih baru bersih sekali, staffnya semua ramah, helpful, bisa di wa atau telfon kalau mau order, main pool juga bagus viewnya jungle, recommended buat yg bawa keluarga dan honeymoon, pasti akan kembali lagi kesini terimakasih adiwana suweta :)",5
165,Bersih dan Nyaman..... pelayanannya sangat ramah..... Breakfast nya baik konsep hotel baik bathroom nya cukup luas wekcome drinknya sangat segar membuat holiday kita sangat nyaman membuat kami bisa teringat untuk kembali ke Bali,5
166,"Hotelnya masih baru dan bersih. Kamar dan kamar mandinya juga luass, view taman yang kerenn. Perlengkapan komplittt. Staff nya baik baik dan ramahh. Check in malam pun masih dilayani dengan baik. Saya mau kembali lagi ke sini",5
167,"Hotel bersih, nyaman, suasana enak. Kolam renang tidak dingin. Udara sejuk. Kamar besar. Harga affordable. Recommend sekaliii untuk stay disini. Sebelah ada resto tablespoon mudah untuk mencari makan.",5
168,"Pengalaman menginap yang luar biasa. Kamar yang nyaman, pelayanan staff yang cepat, ramah dan baik. Informasi yang diberikan jelas. View dari kamar langsung menghadap sunrise dan hutan. Kamar sangat nyaman. Kamar mandi luas dan bersih. Makanan lezat, parkiran luas",5
169,"Super menyenangkan! Bli wayan, bli trisna dan mbok ayu sangat membantu saat proses check in, kamarnya bersih, amenities nya lengkap, agak menyesal karna hanya stay untuk sehari, kalau ke ubud lagi saya pasti stay disini! :)",5
170,"Pelayanan luar biasa, kamar sangat bersih dan pemandangan baik. Semuanya sangattt sopan. Saya sangat puas. Pastii pastii kesini lagi kalau mau datang ke daerah ubud. Sangat rekomendasi untuk loksi strategis",5
171,"Pengalaman menarik menginap disini, suasana tenang dari hiruk pikuk perkotaan, sedang disc 50% untuk penginapan, 50% spa dan 20% untuk restaurant. pelayanan ramah dan sopan sekaliii oleh mba putu dan mas jodiâ˜ºï¸â˜ºï¸",5
172,"Rekomended banget, perfect view, pelayanan ramah, makanan enak, tempatnya bagus, masih asri, jauh dari keramaian, cocok buat yang pengen cari ketenangan jauh dari hirup pikuk perkotaan yang membuat jenuh",5
173,"Villanya luas dan bagus, banyak spot untuk berfoto, fasilitas pool package harganya sangat terjangkau, suasana villanya sangat nyaman dan asri,Dan pelayanan para staffnya sangat baik dan ramah, jika ada waktu lagi saya akan berkunjung kesana lagi. Thanks you so much,ê°ì‚¬í•©ë‹ˆë‹¤ğŸ™ğŸ™ğŸ™ğŸ¥°ğŸ¥°ğŸ¥°",5
174,Hotelnya sangat bersih dan nyaman.Staff nya sangat welcome dan makanannya enak dan juga dapat welcome drink dan dapat drink untuk checkout.Next time bakal stay disini lagi :) thank you adiwana suweta.,5
175,"Hotelnya nyaman, suasana tenang dan sangat bersih. Kunjungam dua malam di sini sangat berkesan dan menginap disini sangat menyenangkan, hotel yang belum lama dibangun jadi kondisinya masih sangat bagus dan bersih, Hospitality nya sangat baik dan ramah Protokol kesehatan di hotel ini juga baik tersedia disinfectant dan staff nya memakai masker. Sangat cocok untuk dikunjungi bersama pasangan, keluarga dan kerabatğŸ‘",5
176,"Hotelnya nyaman, suasana tenang dan sangat nyaman. Kunjungam dua malam di sini sangat berkesan. Untuk sarapan juga nikmat sekali. Sangat cocok untuk dikunjungi bersama pasangan, keluarga dan kerabatğŸ‘",5
177,"Menginap disini sangat menyenangkan, hotel yang belum lama dibangun jadi kondisinya masih sangat bagus dan bersih, suasana kamar tenang dan nyaman Hospitality nya sangat baik dan ramah Lingkungan sekitar hotel juga sudah ramai resto jd kalau mau jalan dan cari makan di sekitar pun bisa. Protokol kesehatan di hotel ini juga baik tersedia disinfectant dan staff nya memakai masker. Sangat recomend jika mencari suasana tenang dengan kualitas hotel yang baik disini.",5
178,"menginap di Adiwana Suweta, kamar nya bagus banget, pelayanan nya luar biasa ramah dan helpful. bakalan balik lg kalau ke Bali! thank you mba Putu, Ayu dan lainnya........ vibes nya sangat menyenangkan dan menenangkan",5
179,"Pelayanannya sangat memuaskan, membuat pengunjung merasa nyaman dan sangat membantu.  Ke sini pada saat ulang tahun dan dapat surprise dr pegawai di hotelnya, terimakasih mbak Gusti & teman teman lainnya. Tempatnya bagus & bersih menyegarkan mata. cocok untuk yg mencari ketenangan. Semoga selanjutnya bisa kesini lagi bersama keluarga dan akan kami rekomendasikan ke teman teman lainnya.",5
180,"Pelayanan yg sangat luar biasa dari Mba gusti, mba bella dan mba ayu , yg sangat memuaskan , servicenya juga diluar hal2 pada umumnya, sangat diistimewakan dan dibantu ğŸ¤© terimakasih atas pelayananya  , akan kembali lagi",5
181,Semunya bagus .. memuaskan pelayanan ramahhh .. keren..suasana sejukkk bersih .. kamar mandi besar banget bersih nyaman . Tv lancar . Wifi kenceng banget  Buat ka ayu ka putu ramah ramahh .. suka bangettt ğŸ‘ğŸ»ğŸ‘ğŸ»,5
182,"pelayanan ramah, kamarnya super nyaman, fasilitas lumayan lengkap, suka sama suasana nya juga tenang sejuk adem pokonya recommend bgt nginep di adiwana suweta, next time bakal kesini lagiiiiiiiğŸ¤ğŸ¤ğŸ¥°ğŸ¥°",5
183,"Overall kamar dan fasilitasnya oke banget, bathup besar jd anak2 bisa main air, pool nya jg oke banget, palayanan staff ramah dan helpful cuma sayang sarapannya kurang, the taste is not as good as it looks hu hu sangat disayangkan ğŸ¥²",4
184,"Hotel yang baru, kamar yang super bersih dan super comfortable. Lokasi tidak jauh dari pusat keramaian di ubud, dan pemandangan yang sangat indah. Tetapi yang akan saya highlight disini adalah staff nya. Sopan, bersahabat, dan saya merasakan itikad yang baik di setiap pelayanan yang saya dapatkan disini. Terimakasih Adiwana, sangat luar biasa!!!!",5
185,"Haiii aku Ayu Meidiyani, hari ini aku sedang berlibur di Adiwana Suweta, konsep dari Adiwana Suweta ini Natural banget lo guys! disini selain tempatnya yang asri dan nyaman Adiwana Suweta ini memiliki spot foto natural juga. Nah buat kalian yang bingung mau liburan kemana Adiwana Suweta rekomen banget buat kalian",5
186,"Weekend bersama keluarga terasa menyenangkan karena hotel ini menyediakan pelayanan yang sangat berkualitas, fasilitas yang sangat memanjakan tamu, dan juga menyajikan pemandangan alam khas ubud yang menyejukkan hati",5
187,"Liburan pertama setelah berbulan - bulan tidak kemana. Tidak salah pilih menginap di Adiwana Suweta. Banyak spot foto dan poolnya sangat luas tentunya infinite pool! Nice food, nice staff & nice place. Thankyou Adiwana Suweta â™¥ï¸",5
188,"Villa yg sangat super nyaman, super ramah pelayanannya, utk breakfasnya pun super mantap, sangat rekomendid yg mw nyari villa di daerah ubud yah, mantap..mantappp...Next,...insya Allah akan kesini lagi...",5
189,Pelayanan ramah Tempat bersih Semua fasilitas berfungsi baik Breakfast mantab Owner nya jg punya resto di lokasi lain yg rasanya oke sampai 2x dinner disitu karena mau coba menu lain Buat istirahat nyaman karena lokasi tenang,5
190,"Menginap di villa adiwana suweta sangat nyaman, bersih dan suasannya tenang, viewnya taman dan ada private pool.  Pelayanan sangat ramah dan baik, saat tau saya lg honeymoon, kami di beri kejutan cake, terimakasih banyak adiwana suweta.",5
191,"Kami sekeluarga tinggal di 2 kamar berbeda dan keduanya sangat bagus dan nyaman. Villa Shoka memiliki private pool yg cukup luas tidak hanya sekedar plunge pool biasa, kamarnya juga luas, bersih dan memiliki fasilitas yg lengkap. Kamar 301 juga sangat bagus dengan view jungle. Kami juga suka berendam di bathtub yg tersedia di setiap kamar. Yg paling membuat berkesan adalah penerimaan yg sangat ramah dan tulus dari staff, terutama buttler kami mba Gusti. Pengalaman menginap kami menjadi sangat berkesan setiap harinya. Kami jadi tidak ingin pulang dan berencana akan kembali lagi.",5
192,"Terimakasih sudah menyambut kami dengat semangat yg luar biasa. Kami senang menginap dihotel adiwana suweta. Harga terjangkau karyawan nya yg ramah ramah, view nya juga bagus. Semoga diliburan berikutnya kami bisa kembali lagi ke hotel adiwana,Terimakasih",4
193,Tempat menginap yang cocok bersama pasangan ataupun keluarga. Dengan pemandangan view yg baguss dan kolam renang yg luass. Semua staff sangatt ramah dan sopan. Kamarnya juga bersih bgt jadi so comfy! Recommended bgt apalagi menu breakfastnya enakk semua dan yg paling aku suka japanese fried rice nya enak bgtt!! Thankyou menu breakfast yg udah disediakan oleh kak Rai dan Sandia^^ Terimakasih staff2 di Adiwana Suweta atas layanannya puas bgtt,5
194,"Bagus, responnya cepat dan boley cekout terlambat dan dikasi free mineral refill, para staff ramah sekali baik bgt. Fasilitas juga bagus, poolnya bersih dan view juara.  Ke sini untuk staycation bareng teman2 cocok bgt untuk relax dan healing",5
195,"Saya dan istri menghabiskan bulan madu selama 3 hari 2 malam di Adiwana Suweta. Kami sangat puas dengan fasiltas, suasana hotel yang jauh dari keramaian dan juga pelayanannya. Staf Ayu dan Indra sangat ramah dalam membantu kami. Makanannya juga sangat enak, kami selalu memesan nasi goreng untuk sarapan. Selain itu, lokasi hotel juga sangat dekat dengan berbagai objek wisata dan restaurant. Kami dengan senang hati akan datang kesini lagi.",5
196,"Kamarnya cukup luas dan fasilitasnya juga bagus, viewnya bagus, pelayananya juga ramah. Ada sawah di dalam hotel yang sangat unik karena cuma area kecil dan sudah isi tanaman padiğŸ˜ Kalau kesini wajib berenang karena kolamnya bagus banget viewnyağŸ˜ makanannya juga enakğŸ˜‹",5
197,"Terimakasih buat adiwana suweta. Hari yang berkesan buat saya dah teman-teman.  Tentunya menikmati hari disana dengan pelayanan yang bagus, kerja cepat dan rapih. Walaupun mungkin ada sedikit kekurangan & ada hal yang perlu diperbaiki, namun menurut kami sudah ada pada kata cukup & nyaman. Semoga hal2 kecil tsb bisa di perbaiki, tentunya untuk kebaikan & kenyamanan cust. & adiwana.",5
198,"Hotel dengan fasilitas yang sangat bagus dan nyaman untuk liburan dan staff nya sangat ramah cocok banget buat liburan keluarga, bakal stay di sini lagi untuk next liburan â­ï¸â­ï¸â­ï¸â­ï¸â­ï¸  Keren banget deh pokonya hotel nya",5
199,"Pengalaman yang sangat menyenangkan selama stay di Adiwana Suweta, utamanya pelayanan yang sangat ramah dan juga tulus membantu. Kami juga diantar oleh Gede Nuryasa, dia sangat ramah dan juga detail menjelaskan mengenai fasilitas hotel. Design hotel juga industrial namun tetap lekat dengan budaya Bali. Saya stay di two bedroom villa bersama keluarga. Villanya bersih, nyaman dan juga tidak terlalu luas jadi memudahkan mengakses room, kitchen dan juga pool. Untuk makanan menurut saya juara, kami sekeluarga pencinta nasi goreng.  Highly recommend untuk family staycation di ubud.",5
200,"room nya bersih, view nya bagus, staff sangat ramah, breakfast nya juga enak, suasana yang sangat tenang,  pasti akan kembali lagi bila pergi untuk liburan di ubud. pelayanan nya sangat bagus,, sampai bertemu lagi ğŸ™Œ",5
201,"Suasana ubud selalu bikin tenang dan menyenangkan, di tambah Hotel Adiwana Suweta tempat menginap sangat cozy. Staf ramah ramah, kamar bersih rapih dan jossss luassss. Swimming pool mantab air jernihhh. Prokesnya juga ok semua,,,hotel nya baru wow",5
202,"Hotel nyaman, pelayanan sangat ramah, makanan enak. Recommended untuk stay di ubud dengan pemandangan asri khas indonesia. Terima kasih Adiwana suweta atas pelayanan yang baik dan segala kenyamanan yang diberikanğŸ™",5
203,"Hotel yang sangat mewah, nature, bersih & pelayanan nya sangat the best! Nyaman sekali berasa disini..  Specially terima kasih untuk bp Gede Nuryasa Putra dan  adiwana suweta team yg sangat welcome â˜ºï¸â¤ï¸",5
204,"Saya sangat senang menginap di Adiwana Suweta karena pelayanannya yang sangat ramah, kamar yang bersih dan juga tata ruang yang baik. Saya jadi mudah mengawasi cucu bermain. Saya juga suka kolam renang di villa yang tidak terlalu dalam, itu memudahkan saya untuk menggendong cucu saya dikolam renang untuk mengajari dia berenang dan kadar klorin yang relatif rendah sehingga itu tidak membuat mata perih.   Hal yang saya sukai juga, di dalam hotel ada sawah kecil yang membuat cucu saya senang karena melihat sawah. Di hotel ini juga sedikit tangga, untuk saya yang sudah tua ini sangat senang jika akses ke kamar itu mudah.   Terima kasih untuk seluruh staff Adiwana Suweta atas pelayanannya yang sangat ramah dan semoga saya bisa menginap lagi bersama keluarga di lain hari.",5
205,"Fasilitas lengkap, pelayanan nya ramah dan memuaskan, cocok untuk keluarga maupun individu, pokoknya recommended banget kalau liburan ke bali harus banget nginep disini dan harga nya juga terjangkauu.",5
206,"Sore yang lumayan berkesan ditemani segelahs of a coffee at tablespoon restaurant, disambut oleh bapak wijaya selaku manager disana, sembari menunggu istri spa di unagi, beliau juga menyajikan complimentary canafe dan lumayan rasanya, pokoknya thankyou very much for your warm welcome, big hope to comeback againğŸ™ğŸ™ğŸ™",5
207,"Apalagi yg bisa saya jelaskan mengenai adiwana? karena semua memang sudah terkenal Bagus banget. saya hampir sudah mencoba seluruh hotel adiwana yg ada di ubud, dan semua nya memang bagus . Apalagi adiwana suweta ini punya lokasi yg sangat bagus dan dekat dg jalan raya, Parkir luas , Kolam renang yg besar sehingga cocok banget jika anda mau mengajak keluarga anda berlibur disini. Thank you adiwana suweta",5
208,"Staffnyaa ramahh dan membantu sekali,roomnya sangat nyamann dan bersihh,fasilitasnyaa juga lengkap ,pasti akan kembali lagi next time,recomended tempat untuk staycation,makanan di tablespoons restaurant juga enakkk bangettğŸ˜ğŸ˜ğŸ˜",5
209,"Awalnya cuma ngambil pool package dan sempet diajak untuk showing roomnya. Dan ternyata emang bagus banget dan staffnya juga welcome banget. Setelah itu saat berenang kolamnya luas dengan view menuju ke alam, suka banget dengan view dari Adiwana Suweta. Mungkin in another day bakal stay beberapa hari disini.",5
210,"Kamar sangat bersih & nyaman, shower & bathtub enak digunakan.   Terima kasih Mbak Luhde & Bli Indra untuk bantuan check-in nya. Sangat ramah & seamless. Will definitely recommend this place to my friends and family.",5
211,"Keren banget tempatnya.. sempat keliling lihat kamar2nya juga , clean bangetğŸ‘  duduk sambil nikmatin pemandangan kolam renang(model infinity pool)ğŸ˜˜ Paket berenangnya juga terjangkau , sdh include 1 makanan + 1 minuman bebas pilihğŸ˜",5
212,"Awalnya hanya iseng untuk berenang di adiwana suweta dengan pasangan saya. Sebelum saya kesana saya sudah memberitahu pihak hotel bahwa saya akan kesana. Sampai disana masih biasa-biasa saja, tetapi ketika berenang ada salah satu staff yang menghidangkan makanan ringan sebagai compliment. Pada saat itu saya juga bersama adik saya yang masih kecil. Saya merasa beruntung karena disana adik saya bisa bermain dengan leluasa dengan stafnya.",5
213,"Pemandangan yang asri, pelayanan yang sangat bagus dan juga staf yang sangat ramah sekali, hotel nya juga family friendly jadi cocok untuk membawa anak-anak bermain kesini hihiğŸ˜ƒğŸ˜ƒspot foto juga instagramable jadi ga bosen deh staycation disiniğŸ¥°",5
214,"Pelayanannya bagus ok punya ramah dan hangat, kamar luas dan nyaman bersih rapih (prokes ok), makanan yg enak pastinya, view baguuuuuuus  suasana ubud, pool nya jg ok,,,menyenangkan dan betah tuk stay nya,",5
215,"Pelayanannya sangat memuaskan dan friendly, kamarnya luas, cozy, dan nyaman. Suasana ubudnya sangat relaxing. Makanannya enak-enak banget. Kolam berenangnya keren, luas, dan ada pemandangan yang asri banget.",5
216,"Ketika kami stay di Adiwana Suweta Ubud kami merasa seperti sangat diistimewakan oleh staff yang sangat ramah & sangat perhatian terhadap kami.  Pertama kali datang kami disambut oleh staff dengan pakaian bali yang membuat mereka terlihat begitu elegan. Adiwana Suweta Ubud juga sangat mematuhi protokol kesehatan yang berlaku seperti menyediaan masker dan hand sanitaizer. Setelah sampai di Lobby kami bisa bersantai dan dihidangkan dengan wellcome drink. Rasa dari welcome drink disini agak pahit dan segar karena terbuat dari bahan lokal seprti kunyit yang bagus untuk kesehatan tubuh, setelah itu dilanjutkan proses check in ritual .  "" Jadi setiap orang sebelum registrasi melakukan check in ritual dengan dipasangkan bunga jepun bali dan gelang tridatu khas bali""  Saat registrasiâ€¦",5
217,Pelayanan yang diberikan sangat memuaskan. Semua staff ramah. Makanan enak. Kamar sangat nyaman. Kebersihan sangat terjaga. Protokol kesehatan dijalankan dengan ketat dan baik. Staff selalu menanyakan apakah ada keluhan atau tidak. Luar biasa memuaskan.,5
218,"8 malam kami di 1BR Villa..., villa sangat bagus dan bersih, dg pool yg cukup luas utk berenang (bukan sekedar rendam kaki alias plunge pool), pelayanan sangat baik....dan makanan juga enak...:)..., Teja Spa nya juga sangat baik dan bersih..., pokoknya semua sangat memuaskan, pasti akan kembali kesini di waktu yg lain..............",5
219,"pengalaman menginap yang luar biasa.. resort yang tenang, nyaman dan bersih. room besar, bersih dan toiletries lengkap. pelayanan yang ramah dan cepat, breakfast yummy. healthy food, healthy soul. thanks Adiwana Suweta, I'll be back soon.",5
220,"Fasilitas yang di punyai bagus dan baik, seperti contohnya kolam renang yang bersih. Kamar hotel juga mempunyai design yang bagus dan homie. Mungkin yang perlu di improve soal kedatangan makanan yang agak cukup lama ketika memesan ke kamar, rasa makanan dan minumannya cukup di rata - rata, tidak kurang dan tidak lebih.",5
221,"Villa yang rekomendit banget buat kalian yang mau staycation ke Bali tempatnya bagus,roomnya luas dan rapi pokoknya wajib banget buat nyoba stay disini lagi banyak juga promonyaa loh ditambah breakfestnya juga pilihan menu yang banyak",5
222,"Sangat bagus. Recommended. Yang ingin menikmati liburan di UBUD, sangat disarankan menginap disini. Nyaman, aman, dan bagus. Fasilitasnya sangat bagus, pool, breakfastnya juga enak. Mantap deh. ğŸ‘ğŸ‘ğŸ‘  ğŸ™ğŸ™",5
223,"Sebuah pengalaman dan momen yang begitu berkesan bisa menikmati suasana menginap di Adiwana Suweta. Baru datang sudah disambut hangat oleh keramah tamahan teamnya. Semua staff, mulai dari reseption, f&b, room service, sales, eccomerce bahkan RM nya pun begitu ramah dan peduli dengan semua tamu yang datang ğŸ¤©  Tidak hanya itu, suasana hotel yang jauh dari kebisingan sangat cocok untuk self healing. Kolam renang dengan view pepohonan, restaurant dengan sajian-sajian menu yang lezat, melengkapi semua moment selama menginap.  Sampai jumpa lagi  di kesempatan berikutnya, spesial loved untuk Bpk Mega, Kak Tya, Bli Gede Nuryasa, Bli Ery, Ekadwi, Meli dan semua yang belum bisa saya sebukan satu-satu, sudah membuat momen di Adiwana Suweta begitu berkesan.",5
224,"hotel baru, warna baru buat Ubud. saya suka dari sisi kamarnya yang sangat khas adiwana. pelayanan bagus, semua staff ramah, saya merasa seperti di rumah sendiri  definitely jadi salah satu rekomendasi saya!",5
225,"Staycation di tempat ini sangat menyenangkan karena pelayanan staf sangat ramah dan fasilitas lengkap dan view kamar bagus,breakfast lezat, so far happy banget staycation disini plus deket kota jadi bisa sekalian cuci mata kali aja dapet jodoh. Over all the besttt!!!!!!",5
226,"Bagusss banget, rapi dan wangi. Yang paling aku suka wangi sabun buat berendamnya, wangi rose. Kece banget sih ini buat relaxing. Ngak begitu jauh dari kota ubud juga jadi bisa huntingfoto streer dan nemu cafe2 kece.",5
227,"Tempat bagus dengan ambiance yg sangat bagus, makanan juga sangat bagus, sangat rekomendasi buat keluarga dan hiburan sejenak menghilangkan kepenatan kerja, sangat boleh direkomendasikan, sukses terus",5
228,"Kami menginap selama 2 malam, pengalaman yg sangat luar biasa,  Hotelnya baru buka juga, jadi semua masih baru.  View dari depan kamar yg luar biasa,  Pelayanan yg sagat ramah, makanan yg enak juga, Pokoknya recomended banget bagi kalian yg ingin rilex di daerah ubud",5
229,"Stay di Adiwana Suweta 2 malam. Dan saya sangat senang dengan semua pelayannya yang disediakan. Mulai dari kamarnya yang bersih, bednya sangat nyaman, dan restaurantnya sangat bagus. Suasannya juga sangat menenangkan, pemandangnya indah. Terdapat sawah kecil di tengah-tengah hotel, sangat unik. Hotel ini adalah salah satu properti baru di Ubud. Meskipun beberapa fasilitas masih project, tidak mengurangi pelayanan yang diberikan. Luar biasa Adiwana Suweta!!!",5
230,"Adiwana Suweta adalah hotel yang baru buka. Namun, pelayannya sangatlah luar biasa. Kamarnya sangat bersih, makananya sangat enak dan yang paling penting adalah semua staffnya sangat ramah. Sangat senang bisa stay di Adiwana Suweta. Next holiday, pasti akan kesini lagi.",5
231,"kamar bagus , pelayanannya bner-bener memuaskan , bersih bangett , poolnya luas langsung menghadap ke jungle makanannya enak enak apalagi ada class membuat mojito  seru banget! terimakasih banyak untuk semua staff di adiwana suweta ramah bgt smua keperluan dipenuhi terutama terimakasih buat kak eryğŸ™ğŸ»ğŸ™ğŸ» next mau staycation lagi ksana",5
232,"Hotel bersih, amenitis lengkap, staff helpful & friendly dan fasilitas lengkap, food and beverage nya enak n affordable. Semua menyenangkan untuk stay disini.  Someday akan kembali kesini bersama keluarga.  Keep it up!!!",5
233,"Pelayanannya sangat baik, kamar yang nyaman dengan fasilitas lengkap, kolam renang dengan pemandangan yang indah, sangat senang dapat staycation disini apalagi dengan harga yang murah untuk hotel dengan fasilitas yang bagus dan nyaman",5
234,"Menikmati pool yang sangat bagus dan view pepohonan yang rindang sangat amazing dan menikmati liburan yang mengesankan dan recomendasi sekali buat keluarga atau pool paketnya juga sangat bagus makanan juga enak sekali. Khususnya Dede sangat recognise saya dan helpfull,",5
235,"Hotel ini kabarnya baru 2 bulan beroperasi, sungguh beruntung saya sekeluarga bisa punya kesempatan menginap disini. Ambience nya good, tenang, luar biasa lingkungannya. Furniture kamar dan Fasilitas sangat bagus,  kebersihannya juga oke banget!  Breakfast nya walaupun belum terlalu variatif, tapi sangat berkelas dan sehat, dengan menu European dan Japanese food. Pelayanan dari staff nya pun sangat baik, cepat, dan ramah.   Segalanya sudah sangat baik, dipertahankan dan bahkan bisa ditingkatkan lagi. Terima Kasih Adiwana Suweta.",5
236,"Hotel yang sangat bersih dan nyaman, kamarnya luas serta view pemandangannya bagus dengan kolam renang bak di tepi jurang keren banget disertai dengan para staff yang ramah dan baik bikin enggan pulang, so sangat rekomen buat pasangan atau keluarga yang mau liburan ",5
237,"Gk nyesel ni nginep 2 harian di Adiwana Suweta Ubud,, udah pemandanganya bagus, kamar bersih, staff ramah,, dan yg paling enak makanan yg dr restonya itu dah yg paling BEST.. recomend bgt, thanks Adiwana Suweta..",5
238,"Hotelnya sangat bersih, Pelayanan nya sangat baik dan ramah. Makanan breakfast nya juga enak, dan Fasilitas swimming pool yang bersih dan juga besar.  Menurut saya, Hotel ini sangat-sangat worth it untuk dikunjungi.",5
239,"Good service, Good Attitude and Good Personality for all staff.. Especially Bli Indra  Hotelnya jg bersih, ramah2 banget jg, sarapannya jg enak2, wi-fi nya kenceng bangett, view hotelnya juga kerenn. the best pokoknyaa!",5
240,Tempat menginap yang nyaman dan menentramkan hati. Terima kasih untuk semua staff yang sudah melayani keluarga kami selama tinggal disana. Kamar bersih dan cukup luas buat kami. Breakfast sangat cocok dengan lidah lokal kami. Good job!,5
241,"Hotel yang sangat nyaman dengan suasana Ubud yang khas. Berlokasi dekat dengan pusat Ubud, memiliki kamar yang sangat megah dengan makanan yang enak dan bersih, kolam renang yang luas dengan view hutan tentunya pelayanan dari staff yang baik dan sangat ramah. Kami akan kembali untuk menginap disini.",5
242,"Kami memiliki liburan akhir pekan yang indah di Adiwana Suweta. Ini adalah properti yang baru saja dibuka, tidak semuanya sempurna tetapi mereka mencoba yang terbaik untuk membuat kunjungan kami tak terlupakan dan mereka berhasil! Kamar yang indah dan luas dengan sanitasi kelas atas. Ruang publik sangat besar untuk ukuran properti yang berarti pembangunannya terencana dengan baik. Stafnya ramah dan sangat membantu. Sarapan sangat baik dengan pilihan yang menarik. Dengan harga saat ini, harganya sangat terjangkau!",5
243,"Tempatnya nyaman , pool nya juara !!! Yg paling oke sih para staffnya , mereka sangat baik dan sabar melayani kita , salut sama mbak rahayu dan mbak sridarma yang  udh nagajarin membuat canang dengan sabar dan tata bahasa yg sangat halus , salut ! Pokoknya recommended buat yang mau stay di ubud !",5
244,"Terima kasih untuk segala pelayanan terbaik yang saya dapatkan,ketika apa yang saya dapatkan melebihi dari harapan,,makanan nya juga enak,harganya juga sangat terjangkau,,sambil menikmati pemandangan yang sangat indah.",5
245,"Tempat yang sangat bagus, makanan enak dengan suasana yang indah dan pelayanan yang sangat memuaskan, sangat ingin kembali lagi untuk menghabiskan waktu liburan di resort yang dekat dengan pusat Ubud.",5
246,"View yang indah dengan sawah yg berisi padi, pool mewah dengan hijau nya pemandangan dan makanan yang enak dengan service yang bagus Dekat dengan Ubud center Suasana yg bagus menenangkan untuk liburan",5
247,"Pemandangan yg sangat bagus dari room, suasana seperti di pedesaan dengan pemandangan padi dan sangat recommended untuk bersante di pool area. Sembari menikmati makanan dan minuman, cocok untuk berlibur bersama anak dan keluarga,, sangat recommended.",5
248,"Pengalaman menginap yang tidak bisa saya lupakan. Like living in an inland village. Pelayanan nya super , makanan yang luar biasa, di manjakan pemandangan persawahan yang tertata.. was very awesome...",5
249,"Pelayanan yg ramah, tempat yang tenang , dengan kolam yang bagus. Fasilitas yang ada sangat bagus.  Pemandangan dari kamar ke kolam renang yang sangat menenangkan. Jadi sangat senang dapat berkunjung ketempat yang luar biasa .   ",5
250,"Lokasi hotel dekat dengan ubud center, dan suasana hotel sejuk dengan view jungle menambah keindahan dan kenyamanan selama tinggal disana, kamar bagus, bersih rapi dan bed nya sangat nyaman, dan fasilitas kamar juga lengkap, ada standar protokol kesehatannya seperti disediakan masker dan hand sanitizer, untuk makanannya enak dengan menu european dan japanese, tpi jika kita ingin menu indonesia juga ada seperti nasi goreng mie goreng dll, jadi cocok juga untuk lidah2 indonesia,  Dan staff semuanya masih muda2 dan sangat ramaahhh sekali jadinya asik diajak ngobrol dan sangat sopan kepada tamu,  yg menambah kenyamanan selama tinggal di hotel, seakan2 seperti dirumah sendiri Saya sangat sangat menikmati liburan dibali, selain keindahan alamnya saya juga menemukan penginapan yangâ€¦",5
251,"Kemarin ngambil pool Package sama keluarga. Tempatnya sangat nyaman, bersih, dan sangat sejuk. Cocok banget buat yg pengen refreshing. Stafnya juga sangat ramah. Banyak spot foto yg instagramable. Next akan balik lagi buat staycation. :) ",5
252,"Hotel ini terletak tidak jauh dari central Ubud, dengan suasana yang tenang dan menyejukkan jiwa. Semua staff nya ramah. Tempat Afternoon tea di tepi kolam renang dengan suguhan kopi yang mantap. Design kamar yang elegan dengan view over looking ke sawah nan hijau melengkapi kesan mewah hotel ini. Tablespoon restauran menyajikan makanan yang enak. Terima kasih Pak Wijaya sudah mengantarkan kita untuk berkeliling hotel ini.",5
253,"Trip advisor  Benar-benar pengalaman yang sangat menakjubkan, yang saya rasakan dengan menghabiskan akhir pekan di adiwana suweta untuk pool package yang saya ambil. Dimana pada awal kedatangan disambut dengan staff nya yang sangat ramah dan hangat sesuai standar protokol kesehatan, kemudian disuguhkan wellcome drink terbuat dari perpaduan bahan - bahan herbal yang menyehatkan. Dan mata kalian akan dimanjakan dengan design hotel yang menakjubkan, begitu juga dengan jungle view yang mereka punya sangat lah indah. Kami juga memesan beberapa makanan yang sangat memukau, thanks to tablespoon restaurant.   Terimakasih juga untuk staff hotel yang telah membuat weekend kami begitu berkesan di adiwana suweta, recommended place to spend your day here.",5
254,"Menikmati kopi yang enak ditempat yang sangat sejuk bersama teman-teman hebat.. dan Terimakasi Pak Wijaya (Como)  dan Pak Agung Mayun atas kesediaanya menyambut, showing room dan ngobrol bersama.  Adiwana Suweta sangat direkomendasikan sekali.  Kamarnya bagus, bersih. Fasilitas luar biasa dan staff nya sangat ramah.",5
255,"The most beautiful hotel in ubud. Hotelnya sangat nyaman, tenang, staffnya pun semua friendly, kolam berenang dengan pemandangan yang asri, fasilitasnya lengkap,  selain building room, mereka juga punya private villa, pokoknya recommended buat pasangan, keluarga ataupun sendiri, next time much be back, love it â¤â¤â¤â¤ thank alot ADIWANA SUWETA ",5
256,"Resort yang bersih dan bagus, juga pelayanannya sangat ramah. Pemandangan hijau dari teras kamar sungguh-sungguh menyegarkan. Japanese food di restorannya salah satu favorit saya. Ga sabar staycation di Adiwana Suweta lagi!",5
257,"Kami mencoba menginap di Adiwana Suweta karena rekomendasi teman kami yang sudah pernah menginap disini sebelumnya. Resortnya sangat baru dan kelihatannya masih ada beberapa bagian yang belum selesai. Terlepas dari itu, suasana dari kami sampai ke hotel tersebut sangatlah mewah. Di lobby kami disambut para karyawan yang sangat ramah dan hangat, seperti ciri khas masyarakat di Ubud pada umumnya. Kamarnya luas dan detailnya sangat unik, terdapat juga lukisan dinding yang sangat menarik bertemakan kehidupan penduduk Bali jaman dulu. Makanan yang disajikan juga sangat enak, disini kami mencoba ramen dan gyoza yaitu makanan khas Jepang. Kolam renangnya sangat besar dan memiliki pemandangan pohon hijau yang rimbun. Kami sangat merekomendasi Adiwana Suweta bagi para traveler lain yangâ€¦",5
258,"Pada saat datang kami disambut dengan seyum dan keramahan dari karyawan front office. Kami diajak keujung lobby untuk check in. Wow. Pemandangannya sangat bagus dan hijau. Bisa melihat hutan nan hijau, padi juga kolam renangnya. Pokoknya sangat menyejukkan.   Kamarnya bersih dan memiliki ornamen yang kental dengan Bali tetapi sangat nyaman.   Yang membuat kami juga senang tinggal di Adiwana Suweta, staff nya ramah sekali. Semuanya menyapa setiap kami bertemu dengan mereka. Kami jadi tidak pingin check out cepat cepat.   Tapi kami pasti kembali lagi....",5
259,"Menginap bersama keluarga, pemandangan dari kamar menghadap ke kolam renang dan pepohonan yang hijau di seberang, restauran nya menyajikan makanan yang enak sekali... Terima kasih, kami pasti kembali untuk mencoba pengalaman yang lain nya",5
260,"Resort yang cocok untuk liburan bareng keluarga. Pemandangan kolam renangnya keren. Kamarnya luas, bersih & bednya nyaman banget.  Lokasinya juga tidak jauh dari pusat kota Ubud sekitar 5 menit. Pelayanan staf disini sangat ramah dan yang pastinya buat pengen balik lagi!",5
261,"Saat saya dan Istri tiba di Adiwana Suweta Ubud kami di sambut oleh Receptions Dewa & Gusti dan beberapa orang membatu membawakan barang yang ada di Bagasi Mobil kami. Sesampainya di Lobby Hotel kami di sambut dengan retual pemakain benang ""tri datu "" sebagai pemberkat untuk tamu yg akan tinggal di Hotel ini ""Menurut mereka benang ini bermakna siklus kehidup ""Sangat menarik"" hotel yang mampu berbaur dengan budaya Adat bali. saat melalukan registrasi hotel ini sudah memakai barcode jadi sangat bagus menurut kami di era New Normal ini. Mungkin tujuanya untuk menghindari sentuhan dan sangat cocok di masa Covid 19 ini. Kami pun di antarkan welcome drink oleh staff Restaurant dan dijelaskan bahwa mereka menggunankan buah lokal untuk membantu petani di daerah Ubud.  Sesampainya diâ€¦",5
262,"Resort yang cocok untuk liburan bareng keluarga. View kolam renangnya juara. Kamarnya luas, bersih & bednya nyaman banget.  Lokasinya juga tidak jauh dari pusat kota Ubud sekitar 5 menit. Makanannya bertema Jepang dan Eropa yang rasanya juga enak banget. Pelayanan staf disini sangat ramah dan yang pastinya buat pengen balik lagi!",5
263,"Tempatnya enak banget, sejuk, bersih, nyaman, private. Semua staffnya ramah-ramah.  Jauh dari keramaian..recommended utk menenangkan diri. Suka banget sama semua dekorasi yang ada di dalam hotelnya, super aesthetic! Gasabar buat stay di Adiwana Suweta lagi!",5
264,"Resort yang rekomen banget untuk stay di Ubud. Fasilitasnya bagus, bisa liat view hutan yang keren langsung dari balkon kamar. Cocok banget buat liburan bareng keluarga. Terima kasih atas pelayanannya!!",5
